timeStamp,elapsed,label,responseCode,responseMessage,threadName,dataType,success,failureMessage,bytes,sentBytes,grpThreads,allThreads,URL,Latency,IdleTime,Connect
1735481073824,4462,HTTP Request,200,OK,Thread Group 1-1,text,true,,154291,476,15,15,https://w3engineers.com/,134,0,117
1735481073824,134,HTTP Request-0,301,Moved Permanently,Thread Group 1-1,text,true,,599,121,15,15,http://www.w3engineers.com/,134,0,117
1735481073960,577,HTTP Request-1,301,Moved Permanently,Thread Group 1-1,,true,,394,121,15,15,https://www.w3engineers.com/,577,0,112
1735481074539,621,HTTP Request-2,301,Moved Permanently,Thread Group 1-1,text,true,,586,117,15,15,http://w3engineers.com/,621,0,346
1735481075161,3125,HTTP Request-3,200,OK,Thread Group 1-1,text,true,,152712,117,15,15,https://w3engineers.com/,2323,0,1519
1735481074049,5671,HTTP Request,200,OK,Thread Group 1-4,text,true,,154291,476,14,14,https://w3engineers.com/,36,0,11
1735481074049,36,HTTP Request-0,301,Moved Permanently,Thread Group 1-4,text,true,,599,121,14,14,http://www.w3engineers.com/,36,0,11
1735481074086,522,HTTP Request-1,301,Moved Permanently,Thread Group 1-4,,true,,394,121,14,14,https://www.w3engineers.com/,522,0,50
1735481074609,545,HTTP Request-2,301,Moved Permanently,Thread Group 1-4,text,true,,586,117,14,14,http://w3engineers.com/,545,0,276
1735481075155,4565,HTTP Request-3,200,OK,Thread Group 1-4,text,true,,152712,117,14,14,https://w3engineers.com/,2876,0,1518
1735481074078,5923,HTTP Request,200,OK,Thread Group 1-5,text,true,,154291,476,13,13,https://w3engineers.com/,37,0,22
1735481074078,37,HTTP Request-0,301,Moved Permanently,Thread Group 1-5,text,true,,599,121,13,13,http://www.w3engineers.com/,37,0,22
1735481074116,504,HTTP Request-1,301,Moved Permanently,Thread Group 1-5,,true,,394,121,13,13,https://www.w3engineers.com/,504,0,38
1735481074621,571,HTTP Request-2,301,Moved Permanently,Thread Group 1-5,text,true,,586,117,13,13,http://w3engineers.com/,571,0,299
1735481075192,4809,HTTP Request-3,200,OK,Thread Group 1-5,text,true,,152712,117,13,13,https://w3engineers.com/,3988,0,2530
1735481074144,7299,HTTP Request,200,OK,Thread Group 1-6,text,true,,154291,476,12,12,https://w3engineers.com/,42,0,23
1735481074144,42,HTTP Request-0,301,Moved Permanently,Thread Group 1-6,text,true,,599,121,12,12,http://www.w3engineers.com/,42,0,23
1735481074187,512,HTTP Request-1,301,Moved Permanently,Thread Group 1-6,,true,,394,121,12,12,https://www.w3engineers.com/,512,0,48
1735481074699,540,HTTP Request-2,301,Moved Permanently,Thread Group 1-6,text,true,,586,117,12,12,http://w3engineers.com/,540,0,272
1735481075240,6203,HTTP Request-3,200,OK,Thread Group 1-6,text,true,,152712,117,12,12,https://w3engineers.com/,3926,0,2499
1735481074410,7048,HTTP Request,200,OK,Thread Group 1-10,text,true,,154291,476,11,11,https://w3engineers.com/,22,0,12
1735481074410,22,HTTP Request-0,301,Moved Permanently,Thread Group 1-10,text,true,,599,121,11,11,http://www.w3engineers.com/,22,0,12
1735481074433,494,HTTP Request-1,301,Moved Permanently,Thread Group 1-10,,true,,394,121,11,11,https://www.w3engineers.com/,494,0,33
1735481074929,725,HTTP Request-2,301,Moved Permanently,Thread Group 1-10,text,true,,586,117,11,11,http://w3engineers.com/,725,0,270
1735481075655,5803,HTTP Request-3,200,OK,Thread Group 1-10,text,true,,152712,117,11,11,https://w3engineers.com/,5000,0,3197
1735481074273,7261,HTTP Request,200,OK,Thread Group 1-8,text,true,,154291,476,10,10,https://w3engineers.com/,25,0,13
1735481074273,25,HTTP Request-0,301,Moved Permanently,Thread Group 1-8,text,true,,599,121,10,10,http://www.w3engineers.com/,25,0,13
1735481074299,496,HTTP Request-1,301,Moved Permanently,Thread Group 1-8,,true,,394,121,10,10,https://www.w3engineers.com/,496,0,41
1735481074796,550,HTTP Request-2,301,Moved Permanently,Thread Group 1-8,text,true,,586,117,10,10,http://w3engineers.com/,550,0,274
1735481075347,6187,HTTP Request-3,200,OK,Thread Group 1-8,text,true,,152712,117,10,10,https://w3engineers.com/,5376,0,3437
1735481074209,7341,HTTP Request,200,OK,Thread Group 1-7,text,true,,154291,476,9,9,https://w3engineers.com/,27,0,14
1735481074209,27,HTTP Request-0,301,Moved Permanently,Thread Group 1-7,text,true,,599,121,9,9,http://www.w3engineers.com/,27,0,14
1735481074237,510,HTTP Request-1,301,Moved Permanently,Thread Group 1-7,,true,,394,121,9,9,https://www.w3engineers.com/,510,0,43
1735481074748,542,HTTP Request-2,301,Moved Permanently,Thread Group 1-7,text,true,,586,117,9,9,http://w3engineers.com/,542,0,272
1735481075291,6259,HTTP Request-3,200,OK,Thread Group 1-7,text,true,,152712,117,9,9,https://w3engineers.com/,4912,0,3335
1735481073871,7705,HTTP Request,200,OK,Thread Group 1-2,text,true,,154291,476,8,8,https://w3engineers.com/,72,0,58
1735481073871,72,HTTP Request-0,301,Moved Permanently,Thread Group 1-2,text,true,,599,121,8,8,http://www.w3engineers.com/,72,0,58
1735481073945,595,HTTP Request-1,301,Moved Permanently,Thread Group 1-2,,true,,394,121,8,8,https://www.w3engineers.com/,595,0,129
1735481074541,618,HTTP Request-2,301,Moved Permanently,Thread Group 1-2,text,true,,586,117,8,8,http://w3engineers.com/,618,0,344
1735481075160,6416,HTTP Request-3,200,OK,Thread Group 1-2,text,true,,152712,117,8,8,https://w3engineers.com/,3913,0,2542
1735481074477,7283,HTTP Request,200,OK,Thread Group 1-11,text,true,,154291,476,7,7,https://w3engineers.com/,24,0,12
1735481074477,24,HTTP Request-0,301,Moved Permanently,Thread Group 1-11,text,true,,599,121,7,7,http://www.w3engineers.com/,24,0,12
1735481074502,502,HTTP Request-1,301,Moved Permanently,Thread Group 1-11,,true,,394,121,7,7,https://www.w3engineers.com/,502,0,36
1735481075005,3606,HTTP Request-2,301,Moved Permanently,Thread Group 1-11,text,true,,586,117,7,7,http://w3engineers.com/,3606,0,267
1735481078610,3149,HTTP Request-3,200,OK,Thread Group 1-11,text,true,,152712,117,7,7,https://w3engineers.com/,2331,0,567
1735481073937,7879,HTTP Request,200,OK,Thread Group 1-3,text,true,,154291,476,6,6,https://w3engineers.com/,34,0,21
1735481073937,34,HTTP Request-0,301,Moved Permanently,Thread Group 1-3,text,true,,599,121,6,6,http://www.w3engineers.com/,34,0,21
1735481073973,580,HTTP Request-1,301,Moved Permanently,Thread Group 1-3,,true,,394,121,6,6,https://www.w3engineers.com/,580,0,102
1735481074554,608,HTTP Request-2,301,Moved Permanently,Thread Group 1-3,text,true,,586,117,6,6,http://w3engineers.com/,608,0,331
1735481075163,6653,HTTP Request-3,200,OK,Thread Group 1-3,text,true,,152712,117,6,6,https://w3engineers.com/,3872,0,2550
1735481074546,7289,HTTP Request,200,OK,Thread Group 1-12,text,true,,154291,476,5,5,https://w3engineers.com/,24,0,12
1735481074546,24,HTTP Request-0,301,Moved Permanently,Thread Group 1-12,text,true,,599,121,5,5,http://www.w3engineers.com/,24,0,12
1735481074572,513,HTTP Request-1,301,Moved Permanently,Thread Group 1-12,,true,,394,121,5,5,https://www.w3engineers.com/,513,0,59
1735481075086,3780,HTTP Request-2,301,Moved Permanently,Thread Group 1-12,text,true,,586,117,5,5,http://w3engineers.com/,3780,0,269
1735481078866,2968,HTTP Request-3,200,OK,Thread Group 1-12,text,true,,152712,117,5,5,https://w3engineers.com/,2170,0,544
1735481074676,7508,HTTP Request,200,OK,Thread Group 1-14,text,true,,154291,476,4,4,https://w3engineers.com/,28,0,14
1735481074676,28,HTTP Request-0,301,Moved Permanently,Thread Group 1-14,text,true,,599,121,4,4,http://www.w3engineers.com/,28,0,14
1735481074704,484,HTTP Request-1,301,Moved Permanently,Thread Group 1-14,,true,,394,121,4,4,https://www.w3engineers.com/,484,0,29
1735481075189,3763,HTTP Request-2,301,Moved Permanently,Thread Group 1-14,text,true,,586,117,4,4,http://w3engineers.com/,3763,0,275
1735481078952,3231,HTTP Request-3,200,OK,Thread Group 1-14,text,true,,152712,117,4,4,https://w3engineers.com/,2414,0,1054
1735481074607,7585,HTTP Request,200,OK,Thread Group 1-13,text,true,,154291,476,3,3,https://w3engineers.com/,25,0,12
1735481074607,25,HTTP Request-0,301,Moved Permanently,Thread Group 1-13,text,true,,599,121,3,3,http://www.w3engineers.com/,25,0,12
1735481074644,500,HTTP Request-1,301,Moved Permanently,Thread Group 1-13,,true,,394,121,3,3,https://www.w3engineers.com/,500,0,41
1735481075145,3760,HTTP Request-2,301,Moved Permanently,Thread Group 1-13,text,true,,586,117,3,3,http://w3engineers.com/,3760,0,280
1735481078905,3286,HTTP Request-3,200,OK,Thread Group 1-13,text,true,,152712,117,3,3,https://w3engineers.com/,2480,0,1104
1735481074744,7470,HTTP Request,200,OK,Thread Group 1-15,text,true,,154291,476,2,2,https://w3engineers.com/,27,0,15
1735481074744,27,HTTP Request-0,301,Moved Permanently,Thread Group 1-15,text,true,,599,121,2,2,http://www.w3engineers.com/,27,0,15
1735481074772,502,HTTP Request-1,301,Moved Permanently,Thread Group 1-15,,true,,394,121,2,2,https://www.w3engineers.com/,502,0,44
1735481075275,3719,HTTP Request-2,301,Moved Permanently,Thread Group 1-15,text,true,,586,117,2,2,http://w3engineers.com/,3719,0,271
1735481078993,3220,HTTP Request-3,200,OK,Thread Group 1-15,text,true,,152712,117,2,2,https://w3engineers.com/,2403,0,1111
1735481074343,8032,HTTP Request,200,OK,Thread Group 1-9,text,true,,154291,476,1,1,https://w3engineers.com/,22,0,11
1735481074343,23,HTTP Request-0,301,Moved Permanently,Thread Group 1-9,text,true,,599,121,1,1,http://www.w3engineers.com/,22,0,11
1735481074367,496,HTTP Request-1,301,Moved Permanently,Thread Group 1-9,,true,,394,121,1,1,https://www.w3engineers.com/,496,0,34
1735481074864,549,HTTP Request-2,301,Moved Permanently,Thread Group 1-9,text,true,,586,117,1,1,http://w3engineers.com/,549,0,272
1735481075415,6960,HTTP Request-3,200,OK,Thread Group 1-9,text,true,,152712,117,1,1,https://w3engineers.com/,5088,0,3393
1735481116268,3396,HTTP Request,200,OK,Thread Group 1-1,text,true,,154291,476,15,15,https://w3engineers.com/,28,0,15
1735481116268,28,HTTP Request-0,301,Moved Permanently,Thread Group 1-1,text,true,,599,121,15,15,http://www.w3engineers.com/,28,0,15
1735481116297,518,HTTP Request-1,301,Moved Permanently,Thread Group 1-1,,true,,394,121,15,15,https://www.w3engineers.com/,518,0,53
1735481116815,542,HTTP Request-2,301,Moved Permanently,Thread Group 1-1,text,true,,586,117,15,15,http://w3engineers.com/,541,0,267
1735481117357,2307,HTTP Request-3,200,OK,Thread Group 1-1,text,true,,152712,117,15,15,https://w3engineers.com/,1158,0,541
1735481116452,5603,HTTP Request,200,OK,Thread Group 1-4,text,true,,154291,476,14,14,https://w3engineers.com/,47,0,15
1735481116452,47,HTTP Request-0,301,Moved Permanently,Thread Group 1-4,text,true,,599,121,14,14,http://www.w3engineers.com/,47,0,15
1735481116500,531,HTTP Request-1,301,Moved Permanently,Thread Group 1-4,,true,,394,121,14,14,https://www.w3engineers.com/,531,0,57
1735481117031,545,HTTP Request-2,301,Moved Permanently,Thread Group 1-4,text,true,,586,117,14,14,http://w3engineers.com/,545,0,274
1735481117577,4478,HTTP Request-3,200,OK,Thread Group 1-4,text,true,,152712,117,14,14,https://w3engineers.com/,3665,0,2176
1735481116731,5495,HTTP Request,200,OK,Thread Group 1-8,text,true,,154291,476,13,13,https://w3engineers.com/,41,0,20
1735481116731,41,HTTP Request-0,301,Moved Permanently,Thread Group 1-8,text,true,,599,121,13,13,http://www.w3engineers.com/,41,0,20
1735481116773,529,HTTP Request-1,301,Moved Permanently,Thread Group 1-8,,true,,394,121,13,13,https://www.w3engineers.com/,529,0,63
1735481117302,535,HTTP Request-2,301,Moved Permanently,Thread Group 1-8,text,true,,586,117,13,13,http://w3engineers.com/,535,0,268
1735481117838,4388,HTTP Request-3,200,OK,Thread Group 1-8,text,true,,152712,117,13,13,https://w3engineers.com/,3604,0,1946
1735481116797,5459,HTTP Request,200,OK,Thread Group 1-9,text,true,,154291,476,12,12,https://w3engineers.com/,23,0,11
1735481116797,23,HTTP Request-0,301,Moved Permanently,Thread Group 1-9,text,true,,599,121,12,12,http://www.w3engineers.com/,23,0,11
1735481116821,510,HTTP Request-1,301,Moved Permanently,Thread Group 1-9,,true,,394,121,12,12,https://www.w3engineers.com/,510,0,32
1735481117332,534,HTTP Request-2,301,Moved Permanently,Thread Group 1-9,text,true,,586,117,12,12,http://w3engineers.com/,534,0,267
1735481117867,4389,HTTP Request-3,200,OK,Thread Group 1-9,text,true,,152712,117,12,12,https://w3engineers.com/,3587,0,2078
1735481116598,5682,HTTP Request,200,OK,Thread Group 1-6,text,true,,154291,476,11,11,https://w3engineers.com/,54,0,24
1735481116598,55,HTTP Request-0,301,Moved Permanently,Thread Group 1-6,text,true,,599,121,11,11,http://www.w3engineers.com/,54,0,24
1735481116653,533,HTTP Request-1,301,Moved Permanently,Thread Group 1-6,,true,,394,121,11,11,https://www.w3engineers.com/,533,0,60
1735481117186,539,HTTP Request-2,301,Moved Permanently,Thread Group 1-6,text,true,,586,117,11,11,http://w3engineers.com/,539,0,271
1735481117725,4555,HTTP Request-3,200,OK,Thread Group 1-6,text,true,,152712,117,11,11,https://w3engineers.com/,3731,0,2059
1735481116665,6293,HTTP Request,200,OK,Thread Group 1-7,text,true,,154291,476,10,10,https://w3engineers.com/,253,0,21
1735481116665,253,HTTP Request-0,301,Moved Permanently,Thread Group 1-7,text,true,,599,121,10,10,http://www.w3engineers.com/,253,0,21
1735481116919,513,HTTP Request-1,301,Moved Permanently,Thread Group 1-7,,true,,394,121,10,10,https://www.w3engineers.com/,513,0,41
1735481117432,1292,HTTP Request-2,301,Moved Permanently,Thread Group 1-7,text,true,,586,117,10,10,http://w3engineers.com/,1292,0,274
1735481118725,4233,HTTP Request-3,200,OK,Thread Group 1-7,text,true,,152712,117,10,10,https://w3engineers.com/,3435,0,2170
1735481116864,6133,HTTP Request,200,OK,Thread Group 1-10,text,true,,154291,476,9,9,https://w3engineers.com/,25,0,13
1735481116864,25,HTTP Request-0,301,Moved Permanently,Thread Group 1-10,text,true,,599,121,9,9,http://www.w3engineers.com/,25,0,13
1735481116889,494,HTTP Request-1,301,Moved Permanently,Thread Group 1-10,,true,,394,121,9,9,https://www.w3engineers.com/,494,0,31
1735481117384,546,HTTP Request-2,301,Moved Permanently,Thread Group 1-10,text,true,,586,117,9,9,http://w3engineers.com/,546,0,266
1735481117931,5066,HTTP Request-3,200,OK,Thread Group 1-10,text,true,,152712,117,9,9,https://w3engineers.com/,4250,0,2925
1735481116931,6149,HTTP Request,200,OK,Thread Group 1-11,text,true,,154291,476,8,8,https://w3engineers.com/,29,0,15
1735481116931,29,HTTP Request-0,301,Moved Permanently,Thread Group 1-11,text,true,,599,121,8,8,http://www.w3engineers.com/,29,0,15
1735481116961,513,HTTP Request-1,301,Moved Permanently,Thread Group 1-11,,true,,394,121,8,8,https://www.w3engineers.com/,513,0,40
1735481117474,2467,HTTP Request-2,301,Moved Permanently,Thread Group 1-11,text,true,,586,117,8,8,http://w3engineers.com/,2467,0,265
1735481119942,3138,HTTP Request-3,200,OK,Thread Group 1-11,text,true,,152712,117,8,8,https://w3engineers.com/,2307,0,996
1735481116325,6758,HTTP Request,200,OK,Thread Group 1-2,text,true,,154291,476,7,7,https://w3engineers.com/,26,0,13
1735481116325,26,HTTP Request-0,301,Moved Permanently,Thread Group 1-2,text,true,,599,121,7,7,http://www.w3engineers.com/,26,0,13
1735481116352,515,HTTP Request-1,301,Moved Permanently,Thread Group 1-2,,true,,394,121,7,7,https://www.w3engineers.com/,515,0,45
1735481116868,545,HTTP Request-2,301,Moved Permanently,Thread Group 1-2,text,true,,586,117,7,7,http://w3engineers.com/,545,0,274
1735481117414,5669,HTTP Request-3,200,OK,Thread Group 1-2,text,true,,152712,117,7,7,https://w3engineers.com/,2926,0,1313
1735481116394,6694,HTTP Request,200,OK,Thread Group 1-3,text,true,,154291,476,6,6,https://w3engineers.com/,41,0,21
1735481116394,41,HTTP Request-0,301,Moved Permanently,Thread Group 1-3,text,true,,599,121,6,6,http://www.w3engineers.com/,41,0,21
1735481116436,509,HTTP Request-1,301,Moved Permanently,Thread Group 1-3,,true,,394,121,6,6,https://www.w3engineers.com/,509,0,39
1735481116946,552,HTTP Request-2,301,Moved Permanently,Thread Group 1-3,text,true,,586,117,6,6,http://w3engineers.com/,552,0,280
1735481117499,5589,HTTP Request-3,200,OK,Thread Group 1-3,text,true,,152712,117,6,6,https://w3engineers.com/,2031,0,1235
1735481116998,6538,HTTP Request,200,OK,Thread Group 1-12,text,true,,154291,476,5,5,https://w3engineers.com/,24,0,13
1735481116998,24,HTTP Request-0,301,Moved Permanently,Thread Group 1-12,text,true,,599,121,5,5,http://www.w3engineers.com/,24,0,13
1735481117023,498,HTTP Request-1,301,Moved Permanently,Thread Group 1-12,,true,,394,121,5,5,https://www.w3engineers.com/,498,0,33
1735481117521,3444,HTTP Request-2,301,Moved Permanently,Thread Group 1-12,text,true,,586,117,5,5,http://w3engineers.com/,3444,0,272
1735481120965,2571,HTTP Request-3,200,OK,Thread Group 1-12,text,true,,152712,117,5,5,https://w3engineers.com/,1767,0,556
1735481117198,6589,HTTP Request,200,OK,Thread Group 1-15,text,true,,154291,476,4,4,https://w3engineers.com/,39,0,22
1735481117198,39,HTTP Request-0,301,Moved Permanently,Thread Group 1-15,text,true,,599,121,4,4,http://www.w3engineers.com/,39,0,22
1735481117238,298,HTTP Request-1,301,Moved Permanently,Thread Group 1-15,,true,,394,121,4,4,https://www.w3engineers.com/,298,0,58
1735481117536,3474,HTTP Request-2,301,Moved Permanently,Thread Group 1-15,text,true,,586,117,4,4,http://w3engineers.com/,3474,0,270
1735481121011,2776,HTTP Request-3,200,OK,Thread Group 1-15,text,true,,152712,117,4,4,https://w3engineers.com/,1963,0,1068
1735481116530,7344,HTTP Request,200,OK,Thread Group 1-5,text,true,,154291,476,3,3,https://w3engineers.com/,42,0,22
1735481116530,42,HTTP Request-0,301,Moved Permanently,Thread Group 1-5,text,true,,599,121,3,3,http://www.w3engineers.com/,42,0,22
1735481116572,513,HTTP Request-1,301,Moved Permanently,Thread Group 1-5,,true,,394,121,3,3,https://www.w3engineers.com/,513,0,52
1735481117086,538,HTTP Request-2,301,Moved Permanently,Thread Group 1-5,text,true,,586,117,3,3,http://w3engineers.com/,538,0,272
1735481117625,6249,HTTP Request-3,200,OK,Thread Group 1-5,text,true,,152712,117,3,3,https://w3engineers.com/,3573,0,2141
1735481117130,6763,HTTP Request,200,OK,Thread Group 1-14,text,true,,154291,476,2,2,https://w3engineers.com/,31,0,17
1735481117130,31,HTTP Request-0,301,Moved Permanently,Thread Group 1-14,text,true,,599,121,2,2,http://www.w3engineers.com/,31,0,17
1735481117162,573,HTTP Request-1,301,Moved Permanently,Thread Group 1-14,,true,,394,121,2,2,https://www.w3engineers.com/,573,0,337
1735481117736,3353,HTTP Request-2,301,Moved Permanently,Thread Group 1-14,text,true,,586,117,2,2,http://w3engineers.com/,3353,0,273
1735481121090,2803,HTTP Request-3,200,OK,Thread Group 1-14,text,true,,152712,117,2,2,https://w3engineers.com/,1997,0,1094
1735481117051,6952,HTTP Request,200,OK,Thread Group 1-13,text,true,,154291,476,1,1,https://w3engineers.com/,25,0,14
1735481117051,25,HTTP Request-0,301,Moved Permanently,Thread Group 1-13,text,true,,599,121,1,1,http://www.w3engineers.com/,25,0,14
1735481117077,491,HTTP Request-1,301,Moved Permanently,Thread Group 1-13,,true,,394,121,1,1,https://www.w3engineers.com/,491,0,35
1735481117568,3473,HTTP Request-2,301,Moved Permanently,Thread Group 1-13,text,true,,586,117,1,1,http://w3engineers.com/,3473,0,268
1735481121042,2961,HTTP Request-3,200,OK,Thread Group 1-13,text,true,,152712,117,1,1,https://w3engineers.com/,2138,0,1130
